datetime,BTC,ETH,ADA,BNB
2017-10-01,4403.09,303.95,0.02519,1.5219999999999998
2017-10-02,4401.32,296.81,0.02588,1.973
2017-10-03,4314.18,291.81,0.02084,1.837
2017-10-04,4218.66,291.68,0.02189,1.6219999999999999
2017-10-05,4321.44,294.99,0.021519999999999997,1.6740000000000002
2017-10-06,4371.94,308.33,0.01849,1.556
2017-10-07,4435.81,311.26,0.0208,1.5659999999999998
2017-10-08,4611.7,309.49,0.02052,1.216
2017-10-09,4777.49,296.95,0.02207,1.4269999999999998
2017-10-10,4763.36,298.46,0.021480000000000003,1.422
2017-10-11,4824.2,302.86,0.02253,1.439
2017-10-12,5432.62,302.89,0.02635,1.345
2017-10-13,5637.26,336.83,0.03354,1.5019999999999998
2017-10-14,5824.71,338.81,0.03221,1.508
2017-10-15,5688.14,336.58,0.03003,1.548
2017-10-16,5759.33,334.23,0.02891,1.4369999999999998
2017-10-17,5598.58,316.14,0.02721,1.386
2017-10-18,5575.83,313.54,0.02665,1.331
2017-10-19,5698.65,307.41,0.027010000000000003,1.265
2017-10-20,5993.11,303.08,0.0305,1.222
2017-10-21,6006.65,299.55,0.02841,1.2429999999999999
2017-10-22,5982.86,294.03,0.0277,1.218
2017-10-23,5903.61,285.27,0.0258,1.198
2017-10-24,5513.08,296.5,0.027010000000000003,1.245
2017-10-25,5734.0,296.35,0.027410000000000004,1.2590000000000001
2017-10-26,5887.61,295.54,0.027139999999999997,1.2209999999999999
2017-10-27,5764.56,296.36,0.02646,1.183
2017-10-28,5726.61,293.35,0.02588,1.182
2017-10-29,6147.52,304.04,0.028339999999999997,1.2309999999999999
2017-10-30,6124.28,306.8,0.02854,1.331
2017-10-31,6451.24,303.64,0.030510000000000002,1.329
2017-11-01,6737.78,289.42,0.02304,1.268
2017-11-02,7024.81,284.92,0.02129,1.297
2017-11-03,7152.12,304.51,0.02253,1.4609999999999999
2017-11-04,7363.8,300.04,0.02194,1.6380000000000001
2017-11-05,7389.55,295.8,0.02069,1.52
2017-11-06,6959.23,296.82,0.02185,1.5730000000000002
2017-11-07,7102.75,291.84,0.022090000000000002,1.795
2017-11-08,7444.36,307.35,0.02509,2.029
2017-11-09,7129.59,319.66,0.03223,2.052
2017-11-10,6565.8,296.86,0.026389999999999997,1.8259999999999998
2017-11-11,6339.86,314.23,0.0272,1.681
2017-11-12,5878.13,306.02,0.0241,1.5419999999999998
2017-11-13,6522.45,314.6,0.0257,1.696
2017-11-14,6597.06,334.72,0.026189999999999998,1.557
2017-11-15,7283.22,331.2,0.02658,1.551
2017-11-16,7853.68,330.32,0.027489999999999997,1.5719999999999998
2017-11-17,7699.95,331.72,0.02572,1.508
2017-11-18,7780.91,346.65,0.0263,1.6569999999999998
2017-11-19,8042.64,354.6,0.028069999999999998,1.609
2017-11-20,8244.69,367.71,0.0296,1.609
2017-11-21,8099.97,360.52,0.02835,1.5859999999999999
2017-11-22,8234.55,380.84,0.02866,1.609
2017-11-23,8013.41,406.57,0.027410000000000004,1.556
2017-11-24,8200.8,470.43,0.028210000000000002,1.723
2017-11-25,8754.69,464.61,0.03047,1.895
2017-11-26,9318.42,470.54,0.03653,1.8719999999999999
2017-11-27,9733.2,475.24,0.05042,1.9480000000000002
2017-11-28,9906.04,466.27,0.1194,1.916
2017-11-29,9837.86,427.42,0.08993,1.776
2017-11-30,9946.76,434.85,0.1205,1.979
2017-12-01,10861.47,461.58,0.1329,2.069
2017-12-02,10912.73,457.96,0.1333,2.079
2017-12-03,11246.21,462.81,0.1335,2.266
2017-12-04,11623.91,466.93,0.1358,2.568
2017-12-05,11667.13,453.96,0.1253,2.582
2017-12-06,13749.57,422.48,0.1186,2.585
2017-12-07,16850.31,421.15,0.1032,2.715
2017-12-08,16047.61,451.74,0.1172,2.8160000000000003
2017-12-09,14843.42,472.86,0.1205,2.687
2017-12-10,15059.6,436.49,0.1092,2.515
2017-12-11,16732.47,513.29,0.1181,2.727
2017-12-12,17083.9,656.52,0.1344,2.6839999999999997
2017-12-13,16286.82,699.09,0.1328,2.7760000000000002
2017-12-14,16467.91,693.58,0.2466,3.199
2017-12-15,17604.85,684.27,0.2144,4.16
2017-12-16,19345.49,692.83,0.3984,4.703
2017-12-17,19065.71,717.71,0.4855,6.093999999999999
2017-12-18,18972.32,785.99,0.5261,6.037999999999999
2017-12-19,17523.7,812.5,0.5281,5.785
2017-12-20,16461.97,799.17,0.493,5.159
2017-12-21,15632.12,789.39,0.4744,5.185
2017-12-22,13664.97,657.83,0.4125,4.395
2017-12-23,14396.46,700.44,0.4139,4.823
2017-12-24,13789.95,675.91,0.3828,5.287000000000001
2017-12-25,13833.49,723.14,0.4114,6.544
2017-12-26,15756.56,753.48,0.4262,9.327
2017-12-27,15416.64,739.94,0.4119,10.04
2017-12-28,14398.7,716.69,0.4074,9.431000000000001
2017-12-29,14392.57,739.6,0.5283,8.699
2017-12-30,12531.52,692.99,0.59,7.694
2017-12-31,13850.4,741.27,0.71,8.629
2018-01-01,13444.88,757.22,0.7022,8.48
2018-01-02,14754.13,861.97,0.762,8.749
2018-01-03,15156.62,941.1,1.1,9.488
2018-01-04,15180.08,944.83,1.13,9.137
2018-01-05,16954.78,963.88,1.01,14.99
2018-01-06,17172.3,1008.36,1.04,22.74
2018-01-07,16228.16,1117.75,1.01,18.57
2018-01-08,14976.17,1136.11,0.9,18.12
2018-01-09,14468.5,1289.24,0.81,17.65
2018-01-10,14919.49,1248.99,0.7765,17.56
2018-01-11,13308.06,1139.32,0.68,21.29
2018-01-12,13841.19,1261.03,0.895,22.4
2018-01-13,14243.12,1385.02,0.879,22.12
2018-01-14,13638.63,1359.48,0.8,20.79
2018-01-15,13631.98,1278.69,0.77,19.63
2018-01-16,11282.49,1050.26,0.61,13.64
2018-01-17,11162.7,1024.69,0.6242,14.38
2018-01-18,11175.52,1012.97,0.65,14.41
2018-01-19,11521.76,1037.36,0.6441,15.01
2018-01-20,12783.94,1150.5,0.7048,16.11
2018-01-21,11549.93,1049.09,0.61,14.13
2018-01-22,10814.52,999.64,0.5675,12.96
2018-01-23,10858.23,984.47,0.5601,13.21
2018-01-24,11429.02,1061.78,0.628,13.82
2018-01-25,11175.87,1046.37,0.642,13.18
2018-01-26,11104.2,1048.58,0.6268,13.17
2018-01-27,11459.71,1109.08,0.6213,13.36
2018-01-28,11767.74,1231.58,0.6423,13.64
2018-01-29,11233.95,1169.96,0.591,12.77
2018-01-30,10107.26,1063.75,0.51,11.33
2018-01-31,10226.86,1111.31,0.5072,11.2
2018-02-01,9114.72,1026.19,0.4217,9.452
2018-02-02,8870.82,917.47,0.4047,9.749
2018-02-03,9251.27,970.87,0.46399999999999997,9.825
2018-02-04,8218.05,827.59,0.382,8.432
2018-02-05,6937.08,695.08,0.317,6.721
2018-02-06,7701.25,785.01,0.359,8.263
2018-02-07,7592.72,751.81,0.331,8.094
2018-02-08,8260.69,813.55,0.3449,8.781
2018-02-09,8696.83,877.88,0.379,9.871
2018-02-10,8569.29,850.75,0.381,9.289
2018-02-11,8084.61,811.24,0.3488,8.707
2018-02-12,8911.27,865.27,0.371,9.339
2018-02-13,8544.69,840.98,0.3578,9.015
2018-02-14,9485.64,920.11,0.39299999999999996,10.41
2018-02-15,10033.75,927.95,0.39,10.89
2018-02-16,10188.73,938.02,0.39,11.23
2018-02-17,11097.21,974.77,0.41,11.73
2018-02-18,10417.23,913.9,0.36,10.68
2018-02-19,11182.28,939.79,0.375,11.09
2018-02-20,11256.43,885.52,0.34600000000000003,9.923
2018-02-21,10481.66,840.1,0.3328,9.407
2018-02-22,9847.96,804.63,0.31,8.879
2018-02-23,10175.51,854.7,0.3239,9.734
2018-02-24,9705.73,833.49,0.2968,9.12
2018-02-25,9610.11,840.28,0.3232,9.392000000000001
2018-02-26,10326.5,867.62,0.3234,9.937000000000001
2018-02-27,10594.76,871.1,0.32799999999999996,10.59
2018-02-28,10334.44,853.31,0.3038,10.45
2018-03-01,10929.37,872.05,0.3,10.51
2018-03-02,11043.12,857.06,0.2891,10.25
2018-03-03,11465.36,855.89,0.2924,10.21
2018-03-04,11504.42,867.2,0.3,10.41
2018-03-05,11440.73,845.58,0.295,10.03
2018-03-06,10735.45,815.14,0.27699999999999997,9.415
2018-03-07,9928.56,751.13,0.2401,9.067
2018-03-08,9316.72,698.83,0.2125,8.304
2018-03-09,9252.76,726.92,0.2157,8.289
2018-03-10,8797.27,682.3,0.2003,7.678
2018-03-11,9544.84,720.36,0.21899999999999997,8.261000000000001
2018-03-12,9142.15,697.02,0.218,8.042
2018-03-13,9160.12,689.96,0.2174,10.16
2018-03-14,8217.7,613.15,0.1933,8.974
2018-03-15,8268.41,610.56,0.1837,9.152999999999999
2018-03-16,8283.23,600.53,0.1741,9.07
2018-03-17,7883.45,549.79,0.15,8.979
2018-03-18,8215.4,537.38,0.155,8.963
2018-03-19,8623.14,555.55,0.19,9.046
2018-03-20,8920.71,557.57,0.1989,9.179
2018-03-21,8911.35,559.91,0.2075,9.981
2018-03-22,8724.98,539.89,0.1991,10.09
2018-03-23,8934.8,543.83,0.1883,11.81
2018-03-24,8548.06,520.16,0.1856,13.09
2018-03-25,8472.84,523.01,0.1836,12.94
2018-03-26,8152.2,486.25,0.1652,12.02
2018-03-27,7808.48,448.78,0.1521,11.55
2018-03-28,7959.78,445.93,0.1583,11.68
2018-03-29,7106.62,383.9,0.1427,10.21
2018-03-30,6853.76,393.82,0.1439,10.4
2018-03-31,6943.77,394.07,0.1504,11.08
2018-04-01,6835.84,378.85,0.1482,11.12
2018-04-02,7074.6,384.68,0.1528,12.63
2018-04-03,7434.3,415.93,0.1698,13.33
2018-04-04,6815.5,378.65,0.152,12.22
2018-04-05,6790.45,381.36,0.1459,12.53
2018-04-06,6634.86,370.35,0.1418,12.31
2018-04-07,6917.2,384.98,0.1458,12.52
2018-04-08,7049.92,400.72,0.1566,12.18
2018-04-09,6789.53,399.02,0.15,11.92
2018-04-10,6871.07,415.65,0.1556,12.13
2018-04-11,6977.13,430.42,0.1667,12.37
2018-04-12,7927.73,493.95,0.2166,13.02
2018-04-13,7899.11,494.96,0.2002,13.56
2018-04-14,8022.51,502.79,0.2046,13.33
2018-04-15,8376.73,534.15,0.2272,13.08
2018-04-16,8079.77,511.67,0.2577,12.26
2018-04-17,7921.63,503.03,0.2419,11.8
2018-04-18,8189.96,525.78,0.2631,12.35
2018-04-19,8301.82,567.25,0.2718,12.4
2018-04-20,8877.08,617.16,0.3019,12.59
2018-04-21,8935.72,605.17,0.2852,13.39
2018-04-22,8823.36,621.33,0.2801,12.91
2018-04-23,8968.25,644.13,0.2892,13.69
2018-04-24,9655.77,703.35,0.3081,15.18
2018-04-25,8873.62,617.73,0.2708,13.36
2018-04-26,9282.12,661.45,0.2933,14.63
2018-04-27,8938.47,643.33,0.2851,14.3
2018-04-28,9351.47,683.02,0.3568,15.19
2018-04-29,9407.04,689.31,0.3622,15.02
2018-04-30,9248.45,670.04,0.3382,14.34
2018-05-01,9077.28,670.81,0.3571,14.16
2018-05-02,9232.19,686.74,0.3705,14.4
2018-05-03,9745.04,777.62,0.3672,14.64
2018-05-04,9699.61,784.21,0.3572,14.36
2018-05-05,9845.9,816.58,0.3638,14.42
2018-05-06,9644.92,790.39,0.3451,13.99
2018-05-07,9377.81,752.4,0.3326,13.73
2018-05-08,9196.13,747.79,0.3226,13.52
2018-05-09,9321.16,751.27,0.319,14.67
2018-05-10,9032.22,723.61,0.2923,13.85
2018-05-11,8421.0,677.8,0.257,13.03
2018-05-12,8486.67,683.64,0.2622,12.99
2018-05-13,8709.46,729.34,0.2764,13.23
2018-05-14,8672.9,727.41,0.2673,12.84
2018-05-15,8480.16,705.64,0.2557,12.55
2018-05-16,8344.78,706.72,0.253,12.28
2018-05-17,8071.04,668.38,0.24,12.41
2018-05-18,8247.91,693.57,0.2443,15.13
2018-05-19,8249.24,696.05,0.2411,14.35
2018-05-20,8533.0,715.15,0.2555,14.15
2018-05-21,8419.65,699.84,0.24600000000000002,14.77
2018-05-22,7992.75,640.84,0.2219,13.89
2018-05-23,7505.77,577.01,0.2,12.5
2018-05-24,7584.74,602.59,0.2061,13.04
2018-05-25,7475.36,584.77,0.1986,13.06
2018-05-26,7355.06,585.76,0.1954,12.8
2018-05-27,7362.23,569.64,0.1936,12.64
2018-05-28,7118.88,512.03,0.1735,11.89
2018-05-29,7474.75,566.59,0.2024,12.6
2018-05-30,7393.02,557.12,0.2109,12.61
2018-05-31,7502.15,577.23,0.2229,14.25
2018-06-01,7530.55,579.01,0.2203,14.26
2018-06-02,7643.26,590.53,0.2262,14.7
2018-06-03,7719.75,619.04,0.226,14.69
2018-06-04,7503.2,591.31,0.2112,14.29
2018-06-05,7629.4,608.23,0.2181,15.63
2018-06-06,7661.79,606.3,0.2149,17.29
2018-06-07,7700.11,604.44,0.2101,16.28
2018-06-08,7627.52,600.67,0.205,16.28
2018-06-09,7513.69,594.86,0.2005,16.04
2018-06-10,6773.72,524.74,0.1745,14.2
2018-06-11,6887.37,531.15,0.1795,15.52
2018-06-12,6556.94,494.53,0.1646,15.27
2018-06-13,6310.43,476.3,0.1592,14.6
2018-06-14,6643.26,519.83,0.17,14.85
2018-06-15,6396.71,487.51,0.1607,15.02
2018-06-16,6503.1,497.22,0.162,15.81
2018-06-17,6457.78,496.93,0.1601,16.57
2018-06-18,6714.82,517.63,0.1643,16.82
2018-06-19,6741.28,538.45,0.1658,16.75
2018-06-20,6761.27,536.16,0.1621,16.07
2018-06-21,6720.64,525.76,0.1588,17.08
2018-06-22,6051.47,462.16,0.1384,15.58
2018-06-23,6166.54,474.18,0.1373,15.65
2018-06-24,6157.78,455.25,0.1305,14.47
2018-06-25,6260.35,458.82,0.1355,14.94
2018-06-26,6088.39,429.58,0.125,14.09
2018-06-27,6141.57,441.75,0.1271,14.08
2018-06-28,5871.28,420.72,0.1185,14.17
2018-06-29,6203.8,435.25,0.1247,14.5
2018-06-30,6385.38,453.42,0.1385,14.67
2018-07-01,6339.04,451.09,0.1425,14.31
2018-07-02,6615.66,476.58,0.1535,14.61
2018-07-03,6509.58,461.95,0.1498,14.15
2018-07-04,6590.06,467.19,0.1511,14.0
2018-07-05,6534.81,467.55,0.14800000000000002,13.82
2018-07-06,6602.02,469.93,0.1446,13.42
2018-07-07,6758.08,485.81,0.1485,14.14
2018-07-08,6707.38,486.19,0.1451,14.0
2018-07-09,6668.84,471.48,0.1392,13.52
2018-07-10,6306.85,432.69,0.128,12.8
2018-07-11,6394.36,445.59,0.1308,12.71
2018-07-12,6253.6,431.12,0.1258,12.14
2018-07-13,6229.83,432.97,0.1374,12.2
2018-07-14,6268.75,434.42,0.1366,12.09
2018-07-15,6364.26,450.34,0.1426,12.31
2018-07-16,6740.55,480.2,0.1567,13.43
2018-07-17,7326.7,499.83,0.1716,13.74
2018-07-18,7383.39,479.85,0.1803,12.85
2018-07-19,7477.5,468.91,0.1818,12.96
2018-07-20,7333.93,449.13,0.161,12.07
2018-07-21,7405.4,461.13,0.1636,12.18
2018-07-22,7398.64,457.98,0.1693,12.13
2018-07-23,7718.0,449.73,0.1641,12.01
2018-07-24,8395.82,478.39,0.1734,12.12
2018-07-25,8170.23,471.99,0.1724,12.98
2018-07-26,7937.25,462.98,0.1642,13.35
2018-07-27,8182.89,469.94,0.1657,13.98
2018-07-28,8230.87,468.75,0.1641,14.68
2018-07-29,8216.78,466.3,0.1626,13.98
2018-07-30,8176.06,456.22,0.1534,13.24
2018-07-31,7735.3,431.71,0.1419,13.82
2018-08-01,7610.9,419.87,0.1398,13.62
2018-08-02,7542.34,411.36,0.1309,14.18
2018-08-03,7417.6,417.76,0.1298,14.11
2018-08-04,7017.89,407.32,0.1261,13.87
2018-08-05,7042.39,409.37,0.1305,13.66
2018-08-06,6945.78,405.7,0.1294,13.7
2018-08-07,6723.21,378.32,0.1235,13.12
2018-08-08,6285.02,355.57,0.1128,12.16
2018-08-09,6543.24,364.33,0.122,12.79
2018-08-10,6153.41,332.28,0.1145,12.12
2018-08-11,6242.54,318.62,0.11,11.7
2018-08-12,6322.92,318.55,0.1117,11.81
2018-08-13,6263.2,284.03,0.1013,10.27
2018-08-14,6199.6,278.31,0.09354,9.442
2018-08-15,6274.22,281.24,0.09377,9.574
2018-08-16,6323.81,286.8,0.09467,9.764
2018-08-17,6591.16,317.57,0.1098,10.89
2018-08-18,6405.71,294.85,0.09877000000000001,9.929
2018-08-19,6502.18,300.53,0.1018,10.18
2018-08-20,6269.9,271.61,0.09178,9.662
2018-08-21,6491.11,281.78,0.09483,9.75
2018-08-22,6366.13,270.37,0.094,9.486
2018-08-23,6538.95,276.66,0.09252,9.815
2018-08-24,6708.96,282.04,0.094,10.24
2018-08-25,6749.56,278.22,0.0928,10.12
2018-08-26,6720.6,274.81,0.09508,10.24
2018-08-27,6915.73,287.9,0.1008,11.2
2018-08-28,7091.38,296.21,0.1054,11.52
2018-08-29,7052.0,289.2,0.106,11.18
2018-08-30,6998.76,284.57,0.10099999999999999,10.79
2018-08-31,7026.96,282.06,0.1039,10.99
2018-09-01,7203.46,295.77,0.1098,11.46
2018-09-02,7301.26,295.12,0.106,11.38
2018-09-03,7270.05,289.42,0.1048,11.31
2018-09-04,7369.86,285.73,0.10800000000000001,11.44
2018-09-05,6705.03,228.27,0.0875,9.977
2018-09-06,6515.42,229.52,0.08800000000000001,10.27
2018-09-07,6411.78,215.69,0.0854,9.97
2018-09-08,6200.16,197.23,0.0795,9.523
2018-09-09,6249.07,195.99,0.08035,9.505
2018-09-10,6324.43,197.2,0.075,9.575
2018-09-11,6295.54,185.15,0.06952,9.368
2018-09-12,6337.11,183.03,0.06588,9.208
2018-09-13,6492.0,211.27,0.07128,9.589
2018-09-14,6486.01,208.87,0.06964,9.898
2018-09-15,6522.08,221.63,0.06986,10.09
2018-09-16,6502.44,220.12,0.06985,9.942
2018-09-17,6261.48,196.04,0.066,9.373
2018-09-18,6346.44,208.39,0.0714,9.532
2018-09-19,6398.8,209.78,0.07279,9.63
2018-09-20,6505.9,224.76,0.08002000000000001,10.05
2018-09-21,6762.06,247.69,0.0879,10.47
2018-09-22,6716.6,240.79,0.083,10.26
2018-09-23,6702.7,244.51,0.08907000000000001,10.28
2018-09-24,6583.53,228.05,0.083,10.03
2018-09-25,6437.74,219.2,0.081,9.811
2018-09-26,6462.6,214.21,0.08,9.7
2018-09-27,6686.13,229.09,0.08749,10.05
2018-09-28,6635.38,221.56,0.084,9.96
2018-09-29,6603.75,231.32,0.08528,10.01
2018-09-30,6623.71,232.82,0.0846,10.02
2018-10-01,6594.98,230.96,0.086,9.952
2018-10-02,6525.47,225.59,0.0843,10.29
2018-10-03,6492.26,220.02,0.08139,10.28
2018-10-04,6579.79,222.2,0.08176,10.27
2018-10-05,6632.87,228.17,0.08357,10.67
2018-10-06,6589.94,225.05,0.08129,10.42
2018-10-07,6601.15,226.02,0.08467999999999999,10.56
2018-10-08,6650.07,229.23,0.08677,10.53
2018-10-09,6631.79,227.67,0.08628999999999999,10.38
2018-10-10,6581.07,225.2,0.08553999999999999,10.31
2018-10-11,6209.47,189.83,0.07001,9.296
2018-10-12,6250.85,195.71,0.07281,9.501
2018-10-13,6267.27,199.3,0.07514,9.583
2018-10-14,6277.73,194.92,0.07037,9.504
2018-10-15,6612.36,210.8,0.07345,10.34
2018-10-16,6583.05,209.67,0.07499,10.0
2018-10-17,6574.52,207.75,0.07667,9.987
2018-10-18,6488.72,202.25,0.07449,9.727
2018-10-19,6469.28,203.01,0.07543,9.807
2018-10-20,6490.56,204.97,0.07693,9.781
2018-10-21,6509.87,205.0,0.07587999999999999,9.791
2018-10-22,6483.23,203.64,0.07591,9.738
2018-10-23,6470.22,203.29,0.07412,9.789
2018-10-24,6476.25,202.58,0.07377,9.734
2018-10-25,6462.77,201.7,0.07382000000000001,9.707
2018-10-26,6457.21,202.43,0.07399,9.699
2018-10-27,6470.17,203.29,0.07443999999999999,9.666
2018-10-28,6470.74,204.54,0.07335,9.68
2018-10-29,6313.91,195.92,0.06984,9.395
2018-10-30,6309.11,196.65,0.06986,9.394
2018-10-31,6342.61,198.02,0.06998,9.443999999999999
2018-11-01,6381.3,198.97,0.07172,9.566
2018-11-02,6394.66,201.11,0.07307000000000001,9.592
2018-11-03,6376.32,199.9,0.07272999999999999,9.558
2018-11-04,6467.05,211.54,0.07775,9.791
2018-11-05,6433.74,209.55,0.07633999999999999,9.696
2018-11-06,6479.72,219.34,0.08077999999999999,9.81
2018-11-07,6529.68,217.44,0.07862000000000001,9.821
2018-11-08,6446.06,211.69,0.07627,9.637
2018-11-09,6377.99,209.52,0.07414,9.541
2018-11-10,6396.37,212.04,0.07506,9.524
2018-11-11,6408.18,211.66,0.07643,9.478
2018-11-12,6375.08,210.31,0.07611,9.384
2018-11-13,6339.17,205.9,0.07351,9.198
2018-11-14,5741.47,182.72,0.06327,8.423
2018-11-15,5647.5,181.53,0.06277999999999999,8.211
2018-11-16,5586.27,174.96,0.06069,7.91
2018-11-17,5568.94,174.47,0.0628,7.757999999999999
2018-11-18,5615.26,177.39,0.06318,8.007
2018-11-19,4809.62,148.22,0.055260000000000004,6.565
2018-11-20,4441.81,130.74,0.0445,5.761
2018-11-21,4593.04,136.5,0.04784,6.191
2018-11-22,4320.68,125.08,0.04419,5.702999999999999
2018-11-23,4343.42,123.37,0.04342,5.568
2018-11-24,3854.11,112.66,0.03784,5.095
2018-11-25,4004.15,116.75,0.03732,5.169
2018-11-26,3784.59,108.87,0.034980000000000004,4.946000000000001
2018-11-27,3822.99,109.87,0.03619,4.916
2018-11-28,4263.55,122.88,0.04181,5.337999999999999
2018-11-29,4286.69,117.76,0.04143,5.367000000000001
2018-11-30,4009.67,112.91,0.03888,5.072
2018-12-01,4197.46,118.24,0.04102,5.285
2018-12-02,4143.86,116.24,0.04102,5.254
2018-12-03,3871.41,108.32,0.03815,5.11
2018-12-04,3948.44,109.77,0.03717,5.8870000000000005
2018-12-05,3737.53,101.85,0.0339,6.017
2018-12-06,3485.18,90.43,0.030489999999999996,4.879
2018-12-07,3420.57,93.61,0.029410000000000002,4.532
2018-12-08,3461.07,91.68,0.030539999999999998,4.686
2018-12-09,3592.84,94.49,0.031580000000000004,4.84
2018-12-10,3467.16,90.77,0.029830000000000002,4.6739999999999995
2018-12-11,3401.02,88.32,0.02913,4.928
2018-12-12,3485.59,90.38,0.030430000000000002,5.03
2018-12-13,3305.11,86.4,0.028860000000000004,4.647
2018-12-14,3235.48,84.12,0.029160000000000002,4.533
2018-12-15,3232.51,84.3,0.02781,4.571000000000001
2018-12-16,3255.37,85.39,0.02889,4.662
2018-12-17,3548.19,95.06,0.03267,5.1160000000000005
2018-12-18,3715.85,101.93,0.03462,5.632999999999999
2018-12-19,3736.54,100.63,0.03399,5.455
2018-12-20,4137.66,116.43,0.03815,5.797000000000001
2018-12-21,3898.81,109.4,0.04033,5.56
2018-12-22,4045.24,117.72,0.04198,5.971
2018-12-23,4007.63,131.45,0.04446,6.072
2018-12-24,4081.95,140.87,0.04529,6.205
2018-12-25,3834.73,130.99,0.04138,5.5760000000000005
2018-12-26,3848.78,131.71,0.04091,5.715
2018-12-27,3646.09,116.72,0.036610000000000004,5.294
2018-12-28,3947.86,139.73,0.0415,6.04
2018-12-29,3797.06,137.04,0.04077,5.817
2018-12-30,3896.21,141.04,0.04325,6.039
2018-12-31,3747.39,133.14,0.04082,6.191
2019-01-01,3880.15,141.9,0.04245,6.115
2019-01-02,3961.01,156.1,0.04539,6.211
2019-01-03,3835.86,149.1,0.042339999999999996,5.9
2019-01-04,3874.06,156.04,0.04389,6.09
2019-01-05,3855.39,156.22,0.04456,6.0920000000000005
2019-01-06,4102.85,158.29,0.04929,6.441
2019-01-07,4050.4,152.25,0.04728,6.319
2019-01-08,4040.75,150.68,0.04813,6.647
2019-01-09,4048.34,151.21,0.05195,6.691
2019-01-10,3668.15,127.96,0.04412,5.946000000000001
2019-01-11,3669.2,126.99,0.043519999999999996,6.062
2019-01-12,3664.38,126.05,0.04338,5.983
2019-01-13,3551.24,116.66,0.03971,5.586
2019-01-14,3703.9,129.71,0.043989999999999994,6.182
2019-01-15,3621.24,121.38,0.04214,5.91
2019-01-16,3643.99,123.31,0.04433,6.187
2019-01-17,3685.3,124.05,0.04517,6.446000000000001
2019-01-18,3648.05,120.79,0.04408,6.574
2019-01-19,3729.78,124.8,0.04555,6.638999999999999
2019-01-20,3567.73,118.48,0.04305,6.457999999999999
2019-01-21,3571.92,117.12,0.042660000000000003,6.558
2019-01-22,3602.04,118.83,0.04332,6.527
2019-01-23,3572.05,117.09,0.04319,6.526
2019-01-24,3598.52,117.28,0.04311,6.506
2019-01-25,3582.89,115.73,0.04364,6.711
2019-01-26,3596.5,116.38,0.042789999999999995,6.995
2019-01-27,3565.08,112.59,0.04041,7.045
2019-01-28,3453.42,106.02,0.03852,6.2010000000000005
2019-01-29,3418.25,104.74,0.03795,6.143
2019-01-30,3467.21,108.52,0.03995,6.151
2019-01-31,3434.13,106.46,0.0383,6.23
2019-02-01,3461.63,106.72,0.038560000000000004,6.518
2019-02-02,3508.68,110.56,0.03885,6.881
2019-02-03,3449.62,107.04,0.03793,6.779
2019-02-04,3431.24,106.61,0.037630000000000004,7.044
2019-02-05,3447.66,106.57,0.0382,7.84
2019-02-06,3394.89,104.26,0.03637,8.1
2019-02-07,3375.33,103.69,0.03704,7.871
2019-02-08,3660.03,119.24,0.04058,8.59
2019-02-09,3652.26,118.84,0.04091,8.868
2019-02-10,3685.14,125.22,0.04264,9.172
2019-02-11,3611.34,120.26,0.0423,9.472999999999999
2019-02-12,3617.41,121.87,0.04149,9.238999999999999
2019-02-13,3605.87,121.73,0.0401,8.921
2019-02-14,3588.72,120.44,0.04056,8.746
2019-02-15,3593.49,120.71,0.04038,9.235
2019-02-16,3617.24,122.62,0.04069,9.105
2019-02-17,3670.92,133.99,0.0413,9.232000000000001
2019-02-18,3912.57,146.29,0.04519,9.641
2019-02-19,3924.24,144.06,0.045860000000000005,10.51
2019-02-20,3974.05,148.87,0.047310000000000005,10.93
2019-02-21,3937.04,145.55,0.04467,10.46
2019-02-22,3983.53,148.19,0.045630000000000004,10.82
2019-02-23,4149.09,158.99,0.04827,10.8
2019-02-24,3771.62,133.21,0.04155,9.995
2019-02-25,3845.51,138.52,0.0435,9.752
2019-02-26,3817.88,136.68,0.04288,9.445
2019-02-27,3830.72,135.45,0.04287,9.891
2019-02-28,3823.37,135.69,0.04295,10.3
2019-03-01,3831.48,135.56,0.04283,11.41
2019-03-02,3842.94,133.23,0.04358,11.89
2019-03-03,3812.31,130.72,0.04228,11.46
2019-03-04,3731.28,126.19,0.04035,11.46
2019-03-05,3874.18,137.26,0.0427,13.71
2019-03-06,3874.98,137.83,0.04344,14.63
2019-03-07,3882.61,137.09,0.042589999999999996,15.12
2019-03-08,3868.02,133.72,0.04245,14.3
2019-03-09,3947.74,137.46,0.046439999999999995,14.47
2019-03-10,3929.84,135.89,0.04534,14.43
2019-03-11,3874.89,132.75,0.04755,14.42
2019-03-12,3888.57,133.69,0.04717,15.35
2019-03-13,3878.44,132.14,0.046239999999999996,15.08
2019-03-14,3881.44,132.28,0.04738,14.92
2019-03-15,3927.08,136.66,0.04972,14.95
2019-03-16,4027.01,141.71,0.05122,16.03
2019-03-17,3998.0,139.21,0.04974,15.68
2019-03-18,3988.85,137.66,0.0499,15.54
2019-03-19,4024.14,138.83,0.051989999999999995,15.54
2019-03-20,4056.75,139.51,0.05341,15.18
2019-03-21,3996.93,135.34,0.052379999999999996,14.42
2019-03-22,4000.84,136.47,0.05774,15.2
2019-03-23,4007.21,137.25,0.06327999999999999,15.16
2019-03-24,3994.11,136.2,0.0612,17.16
2019-03-25,3924.55,133.55,0.05864,16.75
2019-03-26,3942.22,134.0,0.06162,16.16
2019-03-27,4045.98,139.71,0.06683,16.63
2019-03-28,4036.45,138.17,0.06523,16.71
2019-03-29,4111.38,143.49,0.07134,16.52
2019-03-30,4118.13,142.57,0.07167000000000001,17.02
2019-03-31,4112.69,141.81,0.06992999999999999,17.56
2019-04-01,4151.32,141.52,0.07167000000000001,17.93
2019-04-02,4906.93,165.02,0.08596000000000001,19.92
2019-04-03,4976.59,161.19,0.09104,18.71
2019-04-04,4913.36,157.77,0.08761000000000001,19.05
2019-04-05,5047.23,166.31,0.09093,19.55
2019-04-06,5057.25,165.98,0.08991,19.12
2019-04-07,5201.16,175.23,0.08985,19.07
2019-04-08,5294.09,180.74,0.08706,18.16
2019-04-09,5201.3,176.27,0.08372,18.46
2019-04-10,5318.6,177.43,0.08959,18.27
2019-04-11,5048.56,165.14,0.08313,17.64
2019-04-12,5081.5,164.34,0.08395,18.43
2019-04-13,5080.66,164.11,0.08351,18.73
2019-04-14,5165.59,168.19,0.08453,19.5
2019-04-15,5037.27,160.29,0.08251,19.3
2019-04-16,5212.81,166.65,0.08341,19.77
2019-04-17,5236.26,166.83,0.08283,19.6
2019-04-18,5289.75,174.19,0.08164,22.02
2019-04-19,5295.53,173.91,0.07925,24.5
2019-04-20,5326.18,173.95,0.07619,25.03
2019-04-21,5305.74,170.1,0.07401,24.24
2019-04-22,5394.67,171.77,0.07802,23.96
2019-04-23,5539.1,170.6,0.07413,22.72
2019-04-24,5454.58,166.04,0.0724,23.19
2019-04-25,5162.67,152.97,0.06842999999999999,22.21
2019-04-26,5234.09,155.61,0.06803,22.73
2019-04-27,5229.48,157.09,0.06947,22.17
2019-04-28,5272.45,156.75,0.06738999999999999,22.85
2019-04-29,5237.96,155.1,0.06362000000000001,21.67
2019-04-30,5350.64,162.66,0.06953,22.17
2019-05-01,5389.54,160.45,0.06811,21.89
2019-05-02,5500.72,162.05,0.06738999999999999,23.64
2019-05-03,5753.38,167.42,0.06882,23.63
2019-05-04,5840.08,163.87,0.06626,22.92
2019-05-05,5794.14,163.45,0.06556000000000001,23.05
2019-05-06,5748.17,173.08,0.06611,22.21
2019-05-07,5819.57,168.36,0.06312999999999999,20.58
2019-05-08,5998.71,171.26,0.06395,20.68
2019-05-09,6171.96,170.41,0.061320000000000006,18.79
2019-05-10,6358.29,172.44,0.06302,19.58
2019-05-11,7191.36,192.73,0.07584,21.09
2019-05-12,6977.63,188.19,0.0704,20.97
2019-05-13,7806.36,196.02,0.07275,23.58
2019-05-14,7980.13,217.3,0.08481,23.7
2019-05-15,8183.83,248.62,0.09408,26.83
2019-05-16,7874.11,264.57,0.08765,26.33
2019-05-17,7371.96,244.75,0.08325,25.85
2019-05-18,7266.08,234.04,0.07835,28.88
2019-05-19,8193.14,260.71,0.08693,29.32
2019-05-20,7998.29,252.43,0.0846,29.47
2019-05-21,7947.93,254.73,0.08453,32.57
2019-05-22,7626.89,243.6,0.07737000000000001,30.93
2019-05-23,7876.5,245.51,0.08068,31.54
2019-05-24,7996.4,249.65,0.08098,34.3
2019-05-25,8059.13,251.61,0.07998,35.3
2019-05-26,8726.23,267.98,0.0861,33.59
2019-05-27,8785.17,271.9,0.09103,33.66
2019-05-28,8718.85,271.16,0.09291,33.57
2019-05-29,8664.56,269.38,0.09076000000000001,33.88
2019-05-30,8276.25,254.66,0.08402000000000001,31.66
2019-05-31,8550.67,267.81,0.08911000000000001,32.89
2019-06-01,8555.87,264.63,0.09009,33.35
2019-06-02,8737.91,269.3,0.0964,33.25
2019-06-03,8114.49,249.85,0.08772,30.78
2019-06-04,7677.47,241.0,0.08223,29.2
2019-06-05,7791.29,246.2,0.08281000000000001,30.95
2019-06-06,7807.36,249.45,0.08297,31.25
2019-06-07,8002.63,249.68,0.08542000000000001,31.46
2019-06-08,7933.78,244.52,0.08385,31.88
2019-06-09,7643.44,231.44,0.0791,30.21
2019-06-10,8021.0,247.93,0.08552,32.17
2019-06-11,7917.32,245.28,0.08806,32.07
2019-06-12,8174.14,262.96,0.09646,35.04
2019-06-13,8235.57,255.22,0.08946,35.19
2019-06-14,8693.96,263.77,0.09047000000000001,32.55
2019-06-15,8853.56,269.06,0.09143,32.86
2019-06-16,8979.18,268.48,0.09208,32.25
2019-06-17,9336.01,274.01,0.09337000000000001,33.95
2019-06-18,9081.71,264.55,0.08875,34.43
2019-06-19,9280.54,268.95,0.08972000000000001,35.28
2019-06-20,9536.85,271.9,0.08742,36.95
2019-06-21,10218.87,295.94,0.08965,38.88
2019-06-22,10689.54,309.57,0.09381,37.8
2019-06-23,10855.99,307.22,0.0959,37.08
2019-06-24,11035.74,311.1,0.09756000000000001,37.46
2019-06-25,11740.34,316.17,0.09576,35.83
2019-06-26,12913.28,334.45,0.09607,35.52
2019-06-27,11154.09,293.91,0.08498,33.9
2019-06-28,12355.06,309.62,0.08854,34.46
2019-06-29,11884.1,317.78,0.08947000000000001,35.45
2019-06-30,10769.05,290.55,0.08199,31.97
2019-07-01,10591.87,294.14,0.0831,33.15
2019-07-02,10844.13,291.6,0.08054,31.99
2019-07-03,11981.61,302.18,0.0827,32.63
2019-07-04,11156.52,282.93,0.07749,33.02
2019-07-05,10993.25,288.02,0.0765,32.66
2019-07-06,11248.94,287.97,0.07729,32.54
2019-07-07,11474.28,306.48,0.08014,33.14
2019-07-08,12296.16,313.18,0.08023,33.47
2019-07-09,12567.02,308.14,0.07814,32.52
2019-07-10,12099.12,288.81,0.07157999999999999,31.24
2019-07-11,11343.12,268.49,0.0649,29.42
2019-07-12,11797.37,275.47,0.06959,32.01
2019-07-13,11363.97,268.99,0.06667000000000001,31.48
2019-07-14,10204.41,226.64,0.059179999999999996,28.62
2019-07-15,10850.26,228.18,0.05922,28.56
2019-07-16,9423.44,198.65,0.051870000000000006,25.02
2019-07-17,9696.15,211.38,0.055139999999999995,27.69
2019-07-18,10638.35,225.85,0.058710000000000005,28.97
2019-07-19,10532.94,221.3,0.05996,29.09
2019-07-20,10759.42,228.75,0.06282,31.17
2019-07-21,10586.71,225.39,0.06113,30.43
2019-07-22,10325.87,217.15,0.05959,30.82
2019-07-23,9854.15,211.86,0.0558,29.42
2019-07-24,9772.14,216.55,0.05885,28.89
2019-07-25,9882.43,219.09,0.05889,28.91
2019-07-26,9847.45,219.3,0.06283,28.98
2019-07-27,9478.32,207.2,0.059829999999999994,27.69
2019-07-28,9531.77,211.13,0.05955,27.73
2019-07-29,9506.93,210.86,0.060329999999999995,26.97
2019-07-30,9595.52,210.14,0.06047999999999999,27.0
2019-07-31,10089.25,218.63,0.06009,27.77
2019-08-01,10409.79,217.56,0.05881,28.84
2019-08-02,10528.99,217.74,0.057620000000000005,28.11
2019-08-03,10820.41,222.14,0.0577,27.74
2019-08-04,10978.91,222.76,0.05633,27.49
2019-08-05,11807.96,233.33,0.056420000000000005,27.95
2019-08-06,11467.1,226.02,0.05345,27.6
2019-08-07,11974.28,226.07,0.05194,29.66
2019-08-08,11982.8,221.08,0.05214,31.17
2019-08-09,11865.21,210.37,0.04765,29.78
2019-08-10,11293.59,206.0,0.05189,29.61
2019-08-11,11549.06,216.2,0.055060000000000005,30.25
2019-08-12,11387.41,211.35,0.053020000000000005,30.18
2019-08-13,10872.0,208.74,0.0526,29.38
2019-08-14,10031.89,186.49,0.04704,26.85
2019-08-15,10308.51,188.13,0.04749,28.11
2019-08-16,10360.43,185.35,0.04675,27.56
2019-08-17,10220.75,185.61,0.047619999999999996,27.47
2019-08-18,10326.25,194.75,0.0507,27.94
2019-08-19,10922.16,202.39,0.05022,28.83
2019-08-20,10770.76,196.78,0.049260000000000005,28.08
2019-08-21,10131.67,187.23,0.04727,26.92
2019-08-22,10104.11,190.46,0.04944,26.96
2019-08-23,10410.49,194.47,0.05001,27.02
2019-08-24,10150.07,191.02,0.0503,26.35
2019-08-25,10141.75,186.61,0.04979,26.1
2019-08-26,10364.91,188.43,0.0498,26.09
2019-08-27,10175.47,187.13,0.05003,25.59
2019-08-28,9722.83,172.97,0.04603,23.36
2019-08-29,9492.81,168.97,0.04476,21.78
2019-08-30,9587.25,168.54,0.045219999999999996,22.16
2019-08-31,9624.54,172.18,0.04531,21.15
2019-09-01,9768.36,171.34,0.04498,21.52
2019-09-02,10387.5,178.77,0.04565,22.82
2019-09-03,10625.1,179.03,0.04693,22.4
2019-09-04,10585.2,174.97,0.04555,21.72
2019-09-05,10556.16,173.65,0.0445,22.61
2019-09-06,10309.91,169.08,0.044489999999999995,22.03
2019-09-07,10491.96,178.15,0.046360000000000005,22.49
2019-09-08,10420.88,181.74,0.04677,22.46
2019-09-09,10314.88,180.72,0.04699,22.15
2019-09-10,10109.46,179.95,0.04671,21.79
2019-09-11,10165.01,178.29,0.044969999999999996,20.74
2019-09-12,10428.96,181.05,0.04564,20.84
2019-09-13,10372.29,181.52,0.04608,20.84
2019-09-14,10365.56,188.65,0.04657,21.01
2019-09-15,10313.02,189.24,0.04702,20.33
2019-09-16,10271.79,197.63,0.04724,20.28
2019-09-17,10198.62,207.85,0.04898,21.01
2019-09-18,10163.38,210.38,0.053,22.19
2019-09-19,10281.03,221.04,0.052489999999999995,21.61
2019-09-20,10176.38,218.18,0.052539999999999996,21.29
2019-09-21,9988.38,215.25,0.052020000000000004,20.97
2019-09-22,10036.98,211.28,0.049089999999999995,20.39
2019-09-23,9694.6,200.97,0.04623,19.3
2019-09-24,8542.54,166.66,0.0376,15.9
2019-09-25,8446.97,170.38,0.039169999999999996,16.07
2019-09-26,8074.99,166.1,0.03792,15.24
2019-09-27,8201.36,174.28,0.03943,15.7
2019-09-28,8223.65,173.93,0.03888,15.76
2019-09-29,8065.26,169.69,0.038560000000000004,15.24
2019-09-30,8314.62,181.34,0.039330000000000004,15.88
2019-10-01,8326.64,176.44,0.03896,15.87
2019-10-02,8391.52,181.09,0.039689999999999996,15.92
2019-10-03,8246.3,175.15,0.0385,15.68
2019-10-04,8168.05,176.1,0.039939999999999996,15.67
2019-10-05,8172.48,177.1,0.04047,15.76
2019-10-06,7868.31,170.35,0.03915,15.08
2019-10-07,8215.11,180.4,0.0417,16.06
2019-10-08,8191.87,181.04,0.0414,16.03
2019-10-09,8593.16,193.43,0.04274,17.79
2019-10-10,8596.57,191.96,0.04174,17.61
2019-10-11,8278.05,180.88,0.04025,16.6
2019-10-12,8316.66,180.06,0.04102,17.43
2019-10-13,8296.34,181.52,0.041530000000000004,18.29
2019-10-14,8363.94,187.1,0.04195,18.49
2019-10-15,8173.48,180.72,0.03978,18.59
2019-10-16,8014.39,174.95,0.03866,17.79
2019-10-17,8082.46,177.41,0.039689999999999996,18.55
2019-10-18,7972.62,173.4,0.03825,18.27
2019-10-19,7973.63,172.31,0.04017,18.27
2019-10-20,8247.25,175.83,0.04049,18.55
2019-10-21,8223.25,174.33,0.03975,18.3
2019-10-22,8034.5,171.38,0.03897,18.23
2019-10-23,7479.54,162.53,0.03652,16.72
2019-10-24,7444.2,161.02,0.037739999999999996,17.0
2019-10-25,8671.1,181.66,0.041319999999999996,18.64
2019-10-26,9258.98,179.9,0.040760000000000005,19.0
2019-10-27,9550.6,184.23,0.04224,19.34
2019-10-28,9222.23,182.14,0.042339999999999996,19.96
2019-10-29,9432.86,191.02,0.04333,20.79
2019-10-30,9169.86,183.31,0.041819999999999996,20.08
2019-10-31,9157.52,182.51,0.041460000000000004,19.94
2019-11-01,9260.59,183.45,0.04244,19.17
2019-11-02,9311.99,183.26,0.042710000000000005,20.31
2019-11-03,9221.61,182.03,0.04224,20.39
2019-11-04,9421.54,186.26,0.04328,20.68
2019-11-05,9323.61,188.99,0.04435,20.31
2019-11-06,9347.27,191.25,0.04493,20.43
2019-11-07,9208.52,186.47,0.043660000000000004,20.33
2019-11-08,8772.31,183.6,0.04225,19.64
2019-11-09,8822.19,185.18,0.04308,20.29
2019-11-10,9045.85,189.33,0.04396,20.32
2019-11-11,8726.31,184.74,0.04347,20.31
2019-11-12,8815.14,187.06,0.04395,20.41
2019-11-13,8773.82,188.02,0.04319,20.58
2019-11-14,8640.42,184.73,0.04365,20.54
2019-11-15,8468.57,179.96,0.04412,20.27
2019-11-16,8498.94,182.64,0.04423,19.32
2019-11-17,8515.28,184.1,0.04529,19.69
2019-11-18,8190.16,178.14,0.0434,18.14
2019-11-19,8133.57,175.93,0.04243,17.96
2019-11-20,8093.6,174.66,0.0412,17.68
2019-11-21,7632.59,161.12,0.03852,16.92
2019-11-22,7292.2,150.0,0.037219999999999996,15.52
2019-11-23,7339.24,152.44,0.03963,16.9
2019-11-24,6930.09,140.47,0.03551,16.76
2019-11-25,7138.23,146.33,0.03607,15.22
2019-11-26,7170.11,147.7,0.03821,16.82
2019-11-27,7531.5,153.04,0.0391,15.44
2019-11-28,7442.33,151.23,0.03947,15.58
2019-11-29,7769.38,155.08,0.04136,15.58
2019-11-30,7571.77,152.04,0.04085,15.6
2019-12-01,7420.53,151.23,0.040530000000000004,15.73
2019-12-02,7320.94,149.2,0.03898,15.51
2019-12-03,7313.64,147.66,0.03807,15.49
2019-12-04,7207.78,145.67,0.03758,15.43
2019-12-05,7406.75,148.36,0.03815,15.64
2019-12-06,7558.58,149.06,0.03883,15.86
2019-12-07,7514.86,147.52,0.040010000000000004,15.89
2019-12-08,7539.7,150.94,0.03895,15.85
2019-12-09,7350.62,147.53,0.03859,15.94
2019-12-10,7233.84,145.76,0.03677,15.83
2019-12-11,7212.01,143.37,0.03713,15.3
2019-12-12,7199.39,144.85,0.03683,15.28
2019-12-13,7261.72,144.87,0.03744,15.32
2019-12-14,7080.29,142.03,0.03795,15.32
2019-12-15,7132.39,142.72,0.03735,15.31
2019-12-16,6897.33,132.91,0.03443,15.38
2019-12-17,6635.84,122.23,0.0318,12.4
2019-12-18,7294.53,133.13,0.03436,13.63
2019-12-19,7159.26,128.22,0.033389999999999996,13.34
2019-12-20,7203.41,128.44,0.034539999999999994,13.52
2019-12-21,7159.47,127.44,0.03338,15.58
2019-12-22,7517.58,132.31,0.03485,13.8
2019-12-23,7326.6,128.0,0.03437,13.31
2019-12-24,7260.91,127.86,0.03497,13.35
2019-12-25,7202.72,124.97,0.033960000000000004,12.89
2019-12-26,7207.23,125.62,0.034589999999999996,13.15
2019-12-27,7253.82,126.36,0.03294,13.3
2019-12-28,7316.23,128.18,0.03528,15.39
2019-12-29,7399.49,134.67,0.03539,15.35
2019-12-30,7234.44,131.45,0.034,13.83
2019-12-31,7183.88,129.02,0.03277,13.7
2020-01-01,7189.94,130.57,0.03381,13.68
2020-01-02,6965.72,127.05,0.03437,13.0
2020-01-03,7339.7,134.24,0.03461,13.65
2020-01-04,7357.5,134.2,0.03493,13.8
2020-01-05,7359.96,135.5,0.03465,14.04
2020-01-06,7762.69,144.15,0.03737,14.96
2020-01-07,8160.36,142.89,0.03717,15.04
2020-01-08,8045.15,140.47,0.036469999999999995,14.52
2020-01-09,7817.35,137.74,0.0364,14.35
2020-01-10,8190.31,144.8,0.03707,15.06
2020-01-11,8024.58,142.52,0.03721,14.93
2020-01-12,8181.49,146.37,0.03837,15.33
2020-01-13,8106.56,143.49,0.037239999999999995,15.18
2020-01-14,8820.95,165.66,0.04174,16.63
2020-01-15,8813.21,166.04,0.04282,17.62
2020-01-16,8719.63,164.1,0.04156,17.04
2020-01-17,8894.83,169.98,0.04503,18.04
2020-01-18,8909.28,173.91,0.044969999999999996,17.78
2020-01-19,8702.59,166.92,0.04227,17.39
2020-01-20,8634.03,166.64,0.04521,17.29
2020-01-21,8724.84,169.09,0.0463,18.08
2020-01-22,8667.26,167.97,0.04604,17.8
2020-01-23,8394.28,162.51,0.04339,17.03
2020-01-24,8431.78,162.4,0.0454,17.07
2020-01-25,8345.88,160.66,0.04388,16.51
2020-01-26,8602.37,167.66,0.04489,17.48
2020-01-27,8898.94,169.7,0.04774,17.65
2020-01-28,9391.97,175.82,0.05309,18.1
2020-01-29,9286.18,173.47,0.05319,17.87
2020-01-30,9501.38,184.42,0.05607,18.55
2020-01-31,9342.23,179.65,0.053829999999999996,18.25
2020-02-01,9384.45,183.65,0.05612,18.24
2020-02-02,9334.25,188.37,0.055779999999999996,18.44
2020-02-03,9288.96,189.68,0.05704,18.44
2020-02-04,9171.98,188.39,0.05607,18.13
2020-02-05,9611.42,203.86,0.05925,19.26
2020-02-06,9755.84,212.87,0.059989999999999995,20.63
2020-02-07,9808.36,223.24,0.05981,22.04
2020-02-08,9898.25,223.21,0.06017,21.79
2020-02-09,10157.78,228.65,0.06214,24.35
2020-02-10,9858.03,223.19,0.06034,25.13
2020-02-11,10269.43,237.74,0.06383,25.81
2020-02-12,10347.93,265.94,0.06833,26.48
2020-02-13,10233.32,268.52,0.06894,25.46
2020-02-14,10360.37,285.64,0.07082999999999999,26.42
2020-02-15,9905.43,264.67,0.06423,24.25
2020-02-16,9925.51,259.95,0.06216,23.36
2020-02-17,9702.48,267.5,0.060239999999999995,23.48
2020-02-18,10182.6,283.08,0.0629,24.1
2020-02-19,9602.43,258.79,0.0575,22.37
2020-02-20,9608.8,257.71,0.05827,22.19
2020-02-21,9697.86,265.62,0.05915,22.21
2020-02-22,9671.46,262.1,0.058870000000000006,22.01
2020-02-23,9977.39,275.58,0.06192,22.94
2020-02-24,9664.21,265.86,0.05925,22.08
2020-02-25,9316.18,246.79,0.056589999999999994,20.33
2020-02-26,8793.5,223.97,0.049280000000000004,18.75
2020-02-27,8821.5,227.59,0.04955,19.17
2020-02-28,8719.29,227.75,0.04902,19.08
2020-02-29,8545.45,217.91,0.04765,19.29
2020-03-01,8549.38,218.27,0.04595,18.97
2020-03-02,8919.74,232.09,0.0493,19.94
2020-03-03,8765.68,223.96,0.0487,19.68
2020-03-04,8773.78,224.87,0.04887,20.0
2020-03-05,9074.82,228.78,0.05107,20.8
2020-03-06,9160.39,245.68,0.0517,21.43
2020-03-07,8903.72,237.64,0.04895,20.3
2020-03-08,8057.67,199.75,0.04274,16.94
2020-03-09,7944.4,203.06,0.04154,16.64
2020-03-10,7894.66,200.6,0.04136,16.86
2020-03-11,7945.36,194.82,0.03975,16.59
2020-03-12,4916.78,110.23,0.023190000000000002,9.416
2020-03-13,5632.58,135.18,0.02845,11.05
2020-03-14,5181.77,122.7,0.0257,10.16
2020-03-15,5357.02,123.64,0.02695,10.37
2020-03-16,5045.0,111.34,0.02419,9.459
2020-03-17,5337.66,116.2,0.02598,10.28
2020-03-18,5413.06,118.6,0.026160000000000003,10.43
2020-03-19,6184.88,136.81,0.03047,12.3
2020-03-20,6206.44,133.31,0.02937,11.91
2020-03-21,6195.43,132.83,0.02943,12.11
2020-03-22,5828.15,122.51,0.027160000000000004,11.18
2020-03-23,6503.53,136.64,0.02914,12.25
2020-03-24,6767.18,139.0,0.030289999999999997,12.46
2020-03-25,6694.21,136.23,0.02949,12.34
2020-03-26,6757.95,138.81,0.03095,13.25
2020-03-27,6382.8,131.68,0.02888,12.39
2020-03-28,6252.49,131.24,0.02992,12.21
2020-03-29,5882.2,124.53,0.02822,11.31
2020-03-30,6403.31,132.29,0.02972,12.17
2020-03-31,6423.61,133.1,0.03057,12.55
2020-04-01,6663.63,136.07,0.030930000000000003,12.79
2020-04-02,6804.42,141.46,0.031939999999999996,13.03
2020-04-03,6743.68,141.48,0.032260000000000004,13.39
2020-04-04,6875.95,144.53,0.0325,13.76
2020-04-05,6781.64,142.82,0.032,13.69
2020-04-06,7347.22,171.78,0.03605,15.22
2020-04-07,7201.57,164.7,0.03518,14.72
2020-04-08,7367.37,173.21,0.03652,15.12
2020-04-09,7294.55,169.89,0.03619,15.03
2020-04-10,6876.49,158.16,0.03316,13.74
2020-04-11,6887.6,158.55,0.033530000000000004,13.85
2020-04-12,6913.76,158.81,0.03354,14.3
2020-04-13,6859.43,156.81,0.0332,15.06
2020-04-14,6879.44,158.64,0.03313,15.63
2020-04-15,6629.54,152.94,0.03185,14.58
2020-04-16,7114.55,172.6,0.03441,15.74
2020-04-17,7037.12,170.79,0.034480000000000004,15.67
2020-04-18,7264.29,187.85,0.0366,16.65
2020-04-19,7132.88,180.32,0.03561,16.08
2020-04-20,6842.45,170.65,0.034010000000000006,14.98
2020-04-21,6855.11,171.03,0.03464,15.12
2020-04-22,7135.41,183.02,0.036660000000000005,15.76
2020-04-23,7489.25,185.73,0.04085,16.06
2020-04-24,7509.44,187.66,0.04169,15.95
2020-04-25,7546.92,194.41,0.04214,16.24
2020-04-26,7701.35,197.62,0.04593,16.41
2020-04-27,7787.41,196.71,0.04658,16.41
2020-04-28,7760.32,196.88,0.047,16.35
2020-04-29,8784.96,215.58,0.05155,17.4
2020-04-30,8637.56,206.44,0.0475,17.0
2020-05-01,8829.12,212.16,0.05101,17.44
2020-05-02,8981.11,214.11,0.05097,17.55
2020-05-03,8907.19,210.12,0.04899,17.12
2020-05-04,8881.65,206.76,0.049569999999999996,17.03
2020-05-05,9029.75,205.43,0.049530000000000005,16.91
2020-05-06,9153.2,199.08,0.049069999999999996,16.38
2020-05-07,9999.93,212.3,0.05131,17.03
2020-05-08,9808.18,211.46,0.0521,17.16
2020-05-09,9541.13,210.19,0.05151,16.81
2020-05-10,8735.05,187.72,0.04767,15.34
2020-05-11,8568.88,185.77,0.04796,15.09
2020-05-12,8821.18,190.1,0.05049,15.78
2020-05-13,9317.44,199.86,0.05168,16.21
2020-05-14,9793.19,203.31,0.05111,16.37
2020-05-15,9311.69,194.71,0.05025,15.7
2020-05-16,9387.08,200.6,0.05097,16.04
2020-05-17,9670.56,206.76,0.05136,16.29
2020-05-18,9722.73,214.68,0.054220000000000004,16.63
2020-05-19,9780.2,214.68,0.05682,17.21
2020-05-20,9509.45,209.87,0.056920000000000005,16.88
2020-05-21,9059.11,198.56,0.05221,16.1
2020-05-22,9170.74,207.35,0.055779999999999996,16.58
2020-05-23,9186.19,206.78,0.054979999999999994,16.49
2020-05-24,8718.49,199.91,0.05169,15.95
2020-05-25,8901.48,204.2,0.0539,16.38
2020-05-26,8844.5,201.04,0.05347999999999999,16.21
2020-05-27,9204.62,208.3,0.05508,16.46
2020-05-28,9579.71,220.33,0.0648,17.1
2020-05-29,9424.62,220.63,0.06462000000000001,16.99
2020-05-30,9699.78,243.66,0.07708999999999999,17.75
2020-05-31,9450.47,231.54,0.0742,17.09
2020-06-01,10211.23,248.44,0.08108,17.93
2020-06-02,9523.75,237.81,0.07869,17.28
2020-06-03,9666.06,244.65,0.08539,17.58
2020-06-04,9794.55,243.35,0.08882000000000001,17.5
2020-06-05,9622.02,240.08,0.08526,17.65
2020-06-06,9671.46,242.08,0.08621000000000001,17.53
2020-06-07,9750.7,244.75,0.08655,17.45
2020-06-08,9782.58,246.47,0.0865,17.42
2020-06-09,9779.7,244.0,0.08301,17.39
2020-06-10,9891.84,248.01,0.0836,17.44
2020-06-11,9268.13,230.21,0.07514,16.22
2020-06-12,9464.23,237.54,0.07947,16.61
2020-06-13,9474.65,238.21,0.07912000000000001,16.84
2020-06-14,9333.7,231.61,0.07645,16.54
2020-06-15,9429.65,230.98,0.07821,16.36
2020-06-16,9526.7,235.35,0.07911,16.4
2020-06-17,9459.13,233.74,0.08327999999999999,16.36
2020-06-18,9380.67,231.14,0.08206000000000001,16.13
2020-06-19,9301.83,228.83,0.07972,15.96
2020-06-20,9359.18,228.93,0.0795,16.07
2020-06-21,9292.81,227.95,0.07846,15.93
2020-06-22,9691.61,243.3,0.0839,16.49
2020-06-23,9624.3,243.11,0.0828,16.39
2020-06-24,9292.94,234.56,0.08242000000000001,15.99
2020-06-25,9241.32,232.35,0.08175,15.9
2020-06-26,9158.07,229.5,0.08059,15.76
2020-06-27,9007.14,220.77,0.07732,15.12
2020-06-28,9120.39,224.82,0.08018,15.39
2020-06-29,9187.07,227.84,0.08384,15.48
2020-06-30,9136.47,225.49,0.08369,15.4
2020-07-01,9238.89,231.06,0.09764,15.83
2020-07-02,9092.8,226.59,0.0933,15.37
2020-07-03,9066.46,225.12,0.09669,15.29
2020-07-04,9142.2,229.19,0.1001,15.57
2020-07-05,9081.44,228.03,0.09834,15.5
2020-07-06,9347.05,241.81,0.1051,16.31
2020-07-07,9257.32,239.39,0.1178,16.79
2020-07-08,9439.2,247.02,0.1302,17.26
2020-07-09,9238.95,242.15,0.1241,16.83
2020-07-10,9288.57,241.22,0.1185,17.3
2020-07-11,9237.13,239.24,0.1254,17.62
2020-07-12,9300.95,242.66,0.127,18.31
2020-07-13,9237.89,239.54,0.1245,18.4
2020-07-14,9256.07,240.47,0.1324,18.1
2020-07-15,9193.22,238.47,0.1305,17.6
2020-07-16,9133.23,233.61,0.126,17.15
2020-07-17,9156.79,232.77,0.1225,17.08
2020-07-18,9177.22,235.85,0.1229,17.16
2020-07-19,9216.02,239.16,0.1241,18.01
2020-07-20,9164.42,236.17,0.1179,17.48
2020-07-21,9392.83,245.87,0.1232,17.73
2020-07-22,9537.24,264.18,0.1243,18.12
2020-07-23,9615.21,275.65,0.1243,18.78
2020-07-24,9550.23,279.6,0.1222,19.2
2020-07-25,9708.41,305.67,0.1439,19.82
2020-07-26,9942.01,311.47,0.1485,19.58
2020-07-27,11042.94,322.23,0.1389,19.78
2020-07-28,10933.26,317.5,0.1492,20.19
2020-07-29,11112.04,318.14,0.14,19.9
2020-07-30,11113.66,335.3,0.1414,20.0
2020-07-31,11352.72,346.94,0.1396,20.68
2020-08-01,11812.42,387.45,0.1447,21.63
2020-08-02,11063.5,371.93,0.1343,20.95
2020-08-03,11234.73,386.25,0.1393,22.08
2020-08-04,11194.18,389.79,0.1435,22.31
2020-08-05,11752.05,400.98,0.1427,23.29
2020-08-06,11771.27,395.04,0.1445,22.75
2020-08-07,11603.82,379.57,0.1393,22.34
2020-08-08,11770.77,397.56,0.1469,22.93
2020-08-09,11686.34,390.28,0.1454,22.45
2020-08-10,11897.41,395.71,0.1442,22.64
2020-08-11,11389.01,378.94,0.13699999999999998,21.24
2020-08-12,11570.19,387.19,0.1368,21.52
2020-08-13,11790.68,424.97,0.1394,21.8
2020-08-14,11774.52,438.51,0.1386,23.13
2020-08-15,11860.91,432.57,0.1386,23.03
2020-08-16,11917.97,433.85,0.139,23.53
2020-08-17,12301.19,431.26,0.1409,23.54
2020-08-18,11956.69,422.19,0.1372,23.0
2020-08-19,11760.37,407.85,0.1297,22.38
2020-08-20,11863.43,416.04,0.1342,23.1
2020-08-21,11527.35,387.98,0.1229,22.06
2020-08-22,11670.42,395.46,0.1253,22.22
2020-08-23,11651.52,390.72,0.1215,21.85
2020-08-24,11756.4,408.03,0.1237,22.61
2020-08-25,11330.56,383.34,0.1126,21.41
2020-08-26,11466.89,386.02,0.1144,22.22
2020-08-27,11331.02,382.99,0.1073,23.13
2020-08-28,11535.21,395.54,0.1096,23.09
2020-08-29,11480.48,398.95,0.1166,22.97
2020-08-30,11716.54,429.18,0.1176,23.64
2020-08-31,11657.81,434.14,0.1226,23.15
2020-09-01,11926.69,475.99,0.1247,24.74
2020-09-02,11397.9,439.83,0.1153,24.71
2020-09-03,10174.62,382.46,0.09523,20.37
2020-09-04,10467.33,385.91,0.102,21.03
2020-09-05,10167.97,335.24,0.08985,19.49
2020-09-06,10260.37,352.69,0.09271,23.18
2020-09-07,10379.08,353.7,0.09351,22.46
2020-09-08,10128.54,337.45,0.09104,23.26
2020-09-09,10228.85,351.15,0.09337999999999999,24.52
2020-09-10,10345.68,368.09,0.09714,24.51
2020-09-11,10398.5,373.99,0.09699999999999999,25.42
2020-09-12,10448.0,388.04,0.09779,28.53
2020-09-13,10332.36,366.28,0.09502999999999999,31.18
2020-09-14,10678.31,377.26,0.09677000000000001,31.16
2020-09-15,10786.7,364.16,0.09333999999999999,27.11
2020-09-16,10957.1,365.09,0.09145,27.85
2020-09-17,10945.14,389.54,0.09418,27.1
2020-09-18,10937.89,384.47,0.09105,27.67
2020-09-19,11083.61,385.27,0.09145,27.2
2020-09-20,10921.85,371.02,0.08939,26.37
2020-09-21,10418.14,340.19,0.07987999999999999,23.02
2020-09-22,10534.73,344.25,0.0816,24.05
2020-09-23,10238.09,320.19,0.07665,22.82
2020-09-24,10742.98,349.18,0.08271,24.57
2020-09-25,10694.12,352.02,0.09702000000000001,24.68
2020-09-26,10734.23,354.23,0.09552999999999999,26.2
2020-09-27,10781.47,357.73,0.1013,26.25
2020-09-28,10699.0,354.01,0.1005,26.98
2020-09-29,10841.29,359.92,0.1012,28.83
2020-09-30,10779.42,359.82,0.1011,29.34
2020-10-01,10622.79,353.21,0.098,27.46
2020-10-02,10576.64,345.83,0.09287000000000001,27.33
2020-10-03,10552.04,346.32,0.09331,28.24
2020-10-04,10675.52,352.61,0.09692,29.03
2020-10-05,10795.11,353.76,0.09754,28.61
2020-10-06,10603.9,340.85,0.09293,27.71
2020-10-07,10672.67,341.91,0.09369,27.71
2020-10-08,10929.4,351.2,0.09629,27.71
2020-10-09,11058.78,365.41,0.1015,28.4
2020-10-10,11301.57,370.88,0.1052,28.41
2020-10-11,11375.51,374.37,0.1066,28.54
2020-10-12,11539.76,386.91,0.1095,30.72
2020-10-13,11427.29,381.41,0.1094,30.73
2020-10-14,11429.3,379.11,0.1073,30.87
2020-10-15,11508.31,377.7,0.1067,31.37
2020-10-16,11326.25,365.58,0.1043,30.0
2020-10-17,11367.65,368.65,0.1061,30.25
2020-10-18,11513.33,378.44,0.1075,30.68
2020-10-19,11756.88,379.41,0.1087,29.92
2020-10-20,11921.78,368.74,0.1024,28.84
2020-10-21,12813.11,391.46,0.1062,29.79
2020-10-22,12990.25,414.5,0.1108,30.71
2020-10-23,12937.2,409.57,0.1081,30.65
2020-10-24,13126.13,412.55,0.10800000000000001,30.66
2020-10-25,13041.21,406.36,0.1066,30.16
2020-10-26,13069.43,393.11,0.1032,31.08
2020-10-27,13646.02,403.74,0.1029,31.54
2020-10-28,13285.97,388.77,0.09909,30.37
2020-10-29,13462.18,387.54,0.09534,29.87
2020-10-30,13565.95,382.76,0.09344,28.52
2020-10-31,13803.41,386.77,0.09311,28.52
2020-11-01,13761.72,396.75,0.09817999999999999,28.51
2020-11-02,13571.24,383.61,0.09258,27.85
2020-11-03,14023.78,388.18,0.09365,26.9
2020-11-04,14157.73,402.66,0.09552999999999999,26.98
2020-11-05,15599.92,416.89,0.09772,27.72
2020-11-06,15590.62,456.32,0.1093,29.05
2020-11-07,14838.16,435.82,0.1013,27.78
2020-11-08,15488.25,454.74,0.1068,28.42
2020-11-09,15335.03,444.45,0.1054,28.11
2020-11-10,15313.73,450.86,0.1059,28.22
2020-11-11,15707.08,463.91,0.1061,28.02
2020-11-12,16306.53,462.78,0.1048,27.75
2020-11-13,16332.85,476.87,0.1066,28.22
2020-11-14,16075.95,461.03,0.1044,27.92
2020-11-15,15964.7,448.51,0.1006,27.68
2020-11-16,16721.46,461.01,0.1039,27.99
2020-11-17,17681.54,482.71,0.1097,28.63
2020-11-18,17786.27,478.76,0.1067,28.1
2020-11-19,17824.64,471.82,0.1059,28.16
2020-11-20,18672.78,510.43,0.1184,28.96
2020-11-21,18704.06,552.26,0.1338,30.53
2020-11-22,18430.59,560.01,0.146,30.02
2020-11-23,18385.74,609.13,0.1544,31.0
2020-11-24,19157.16,604.98,0.1673,33.87
2020-11-25,18725.76,569.4,0.1563,31.29
2020-11-26,17175.86,520.22,0.1413,28.25
2020-11-27,17155.0,518.83,0.1418,28.49
2020-11-28,17739.9,537.99,0.1652,29.18
2020-11-29,18199.23,576.0,0.16699999999999998,30.12
2020-11-30,19686.87,616.14,0.1723,31.48
2020-12-01,18792.03,586.23,0.1556,30.16
2020-12-02,19226.19,598.26,0.1587,30.3
2020-12-03,19448.44,616.55,0.1642,30.73
2020-12-04,18665.0,567.67,0.1479,29.02
2020-12-05,19156.84,596.93,0.16,29.75
2020-12-06,19378.94,602.3,0.1588,29.51
2020-12-07,19181.41,591.36,0.1541,29.39
2020-12-08,18323.52,554.82,0.1411,27.67
2020-12-09,18549.92,573.44,0.1482,28.16
2020-12-10,18250.47,558.36,0.1419,27.67
2020-12-11,18034.86,544.14,0.1392,27.34
2020-12-12,18814.98,568.26,0.1443,28.17
2020-12-13,19169.05,590.72,0.1538,29.12
2020-12-14,19274.69,586.35,0.1586,30.03
2020-12-15,19441.96,589.17,0.154,29.53
2020-12-16,21352.13,637.74,0.1684,30.55
2020-12-17,22822.17,643.16,0.1635,30.24
2020-12-18,23135.57,654.55,0.1653,30.96
2020-12-19,23844.72,658.7,0.1646,33.31
2020-12-20,23467.06,638.17,0.1623,34.26
2020-12-21,22727.13,607.9,0.153,32.18
2020-12-22,23823.32,637.23,0.1569,33.54
2020-12-23,23239.5,585.25,0.1367,31.19
2020-12-24,23724.2,612.32,0.1532,32.5
2020-12-25,24707.98,626.83,0.1575,33.18
2020-12-26,26445.7,636.07,0.1581,33.56
2020-12-27,26249.27,683.98,0.1542,33.6
2020-12-28,27039.45,729.59,0.1763,35.88
2020-12-29,27360.78,731.55,0.1906,39.04
2020-12-30,28889.61,752.53,0.1839,38.13
2020-12-31,28972.4,737.15,0.1817,37.4
2021-01-01,29388.94,730.6,0.1755,37.76
2021-01-02,32203.64,774.9,0.1772,38.29
2021-01-03,33063.48,978.69,0.2062,41.36
2021-01-04,32030.55,1043.16,0.2258,41.1
2021-01-05,34038.29,1103.19,0.2595,41.9
2021-01-06,36849.86,1210.59,0.3342,42.27
2021-01-07,39479.41,1225.5,0.299,43.62
2021-01-08,40636.24,1216.98,0.3042,42.38
2021-01-09,40236.66,1279.96,0.3315,43.94
2021-01-10,38202.08,1255.72,0.3019,42.44
2021-01-11,35496.03,1088.37,0.276,38.16
2021-01-12,34058.4,1050.04,0.2888,38.25
2021-01-13,37380.85,1129.84,0.3128,40.15
2021-01-14,39155.58,1232.11,0.311,41.86
2021-01-15,36790.17,1169.06,0.3027,40.87
2021-01-16,36025.26,1228.52,0.3511,43.09
2021-01-17,35839.51,1233.73,0.3815,45.91
2021-01-18,36623.04,1258.31,0.3709,45.34
2021-01-19,35932.79,1367.65,0.3681,42.51
2021-01-20,35501.38,1377.75,0.3758,42.6
2021-01-21,30840.3,1111.49,0.3081,38.67
2021-01-22,33008.02,1234.56,0.3496,40.9
2021-01-23,32107.29,1234.1,0.3457,40.9
2021-01-24,32283.66,1392.45,0.3538,41.87
2021-01-25,32275.27,1318.47,0.3431,41.76
2021-01-26,32516.52,1368.22,0.3445,41.78
2021-01-27,30423.05,1241.51,0.3124,41.01
2021-01-28,33443.87,1330.78,0.3446,42.61
2021-01-29,34252.08,1379.13,0.348,42.88
2021-01-30,34317.82,1379.35,0.3637,44.82
2021-01-31,33143.22,1314.18,0.3454,44.38
2021-02-01,33535.94,1374.57,0.4084,51.48
2021-02-02,35524.43,1513.9,0.4255,51.08
2021-02-03,37677.34,1667.22,0.44299999999999995,52.22
2021-02-04,36983.42,1597.44,0.4405,56.03
2021-02-05,38310.24,1721.48,0.5408,67.62
2021-02-06,39267.01,1679.14,0.6348,72.92
2021-02-07,38868.82,1614.64,0.6642,68.45
2021-02-08,46437.41,1752.87,0.6778,79.92
2021-02-09,46509.57,1772.05,0.7066,107.67
2021-02-10,44854.95,1743.0,0.9414,128.96
2021-02-11,48006.18,1787.69,0.9292,124.05
2021-02-12,47435.54,1844.84,0.9273,136.9
2021-02-13,47222.32,1817.48,0.9137,133.4
2021-02-14,48652.87,1802.96,0.845,136.08
2021-02-15,47936.51,1779.4,0.8605,129.86
2021-02-16,49184.63,1782.83,0.8712,130.09
2021-02-17,52154.91,1851.14,0.8922,165.54
2021-02-18,51591.61,1939.61,0.9144,195.58
2021-02-19,55933.47,1957.47,0.9267,333.36
2021-02-20,55900.84,1915.12,1.1179999999999999,254.4
2021-02-21,57469.95,1935.14,1.101,294.76
2021-02-22,54121.17,1778.07,1.099,267.36
2021-02-23,48898.7,1578.19,0.9634,231.78
2021-02-24,49738.17,1625.17,1.05,254.46
2021-02-25,47082.87,1481.88,1.074,234.57
2021-02-26,46324.5,1446.1,1.242,221.71
2021-02-27,46191.39,1460.23,1.319,225.74
2021-02-28,45261.03,1422.58,1.315,210.55
2021-03-01,49635.07,1571.49,1.297,254.93
2021-03-02,48501.21,1488.67,1.225,239.98
2021-03-03,50392.55,1568.65,1.215,240.78
2021-03-04,48363.74,1538.37,1.113,229.68
2021-03-05,48775.37,1529.75,1.16,225.63
2021-03-06,48892.8,1651.48,1.129,226.42
2021-03-07,50964.18,1726.33,1.131,239.94
2021-03-08,52405.02,1834.48,1.119,240.7
2021-03-09,54928.7,1872.1,1.199,293.65
2021-03-10,55893.31,1795.63,1.133,278.68
2021-03-11,57809.41,1827.06,1.125,290.15
2021-03-12,57256.22,1767.77,1.032,263.21
2021-03-13,60064.65,1893.97,1.127,277.73
